valor,area_primeiro_andar,existe_segundo_andar,area_quintal,dist_metro,dist_parque
1042500,79.52,1,23.86,1.639,3.039
907500,117.24,0,35.17,1.538,10.91
1117500,85.47,1,25.64,1.275,11.791
700000,89.28,1,21.07,1.223,10.877
1250000,106.37,1,31.91,0.868,11.247
715000,73.95,1,22.19,4.353,7.069
1535000,157.38,0,46.99,0.946,12.2
1000000,102.84,1,30.85,1.087,1.533
649500,94.95,1,26.53,1.422,12.24
590000,100.06,0,27.62,3.06,13.368
647500,96.62,0,28.99,3.437,1.67
1725000,109.81,1,32.75,0.352,14.061
720000,84.73,0,25.42,3.053,14.259
1397500,138.8,0,41.64,1.199,5.695
785000,116.41,0,34.92,2.475,5.332
660000,79.34,0,23.19,1.545,11.752
745000,93.27,0,27.98,1.831,3.854
450000,120.4,0,0.0,6.768,3.498
795000,103.49,0,31.05,4.619,0.119
695000,124.4,0,28.68,3.013,5.858
1626500,107.58,1,32.27,0.903,9.769
697000,102.94,0,17.75,1.698,14.486
1150000,166.76,0,49.53,0.67,3.952
649500,98.48,0,28.99,3.311,14.385
770000,98.48,0,29.54,4.914,8.776
1281500,148.64,0,43.65,0.668,13.616
674000,83.61,0,25.08,3.185,12.452
1530000,158.31,0,47.49,0.548,3.246
1037500,148.64,0,41.36,4.695,10.08
342500,48.31,0,14.49,6.811,10.248
200000,60.29,1,18.09,7.421,10.011
746750,114.08,0,34.23,4.459,6.537
899500,114.64,0,34.39,0.768,11.829
827500,157.94,0,38.96,4.946,8.926
1387500,145.02,0,43.51,0.314,3.697
1545000,105.17,1,31.13,0.776,12.776
725000,101.91,0,30.57,4.659,13.793
765000,120.5,0,36.15,4.237,4.321
545000,98.2,0,29.46,4.723,7.275
410000,107.02,0,0.0,6.732,9.929
800000,123.0,0,30.32,2.557,13.633
850000,123.38,0,37.63,3.092,2.773
720000,82.13,0,23.41,3.456,8.755
651250,87.14,0,26.14,3.579,14.559
705000,106.84,0,32.05,3.16,9.527
1599500,162.77,0,48.83,0.27,11.042
1198430,141.03,1,39.97,1.101,11.849
1248500,153.85,0,46.15,0.639,8.1
565000,68.38,1,20.51,6.907,5.058
635000,88.72,0,26.62,3.73,9.265
885000,73.76,1,22.13,2.055,8.395
572500,75.81,0,22.74,1.814,5.806
550000,75.81,0,22.74,3.534,4.708
1925000,171.13,0,51.34,0.481,6.082
650000,126.35,0,10.7,4.296,7.77
902500,132.39,0,39.72,2.414,11.661
862500,91.32,1,27.03,0.586,12.393
982500,79.9,1,23.97,1.729,13.466
2193900,132.48,1,39.3,0.116,10.121
624500,72.46,0,21.74,3.759,4.535
790000,107.58,0,32.27,2.984,0.185
505000,53.98,1,14.77,4.28,13.73
1012500,127.28,0,38.18,0.778,11.006
700000,83.8,1,16.05,1.685,2.65
1097500,98.2,1,29.46,1.843,8.19
1585000,106.19,1,31.86,0.888,7.909
900000,205.04,0,54.26,1.229,0.791
1130000,137.4,0,40.5,1.032,3.061
400000,69.4,0,20.82,5.946,14.028
1125000,121.15,1,36.34,1.268,13.059
1220000,206.52,0,61.96,1.211,3.306
647500,78.5,0,23.55,7.829,11.554
925000,82.22,1,23.19,1.876,10.887
724500,100.89,0,30.27,3.629,2.694
537000,78.04,1,23.41,9.311,1.71
455000,48.87,1,12.88,6.187,9.335
678750,88.44,0,26.53,7.744,4.068
635000,99.59,1,18.73,3.918,5.338
682500,164.25,0,49.28,5.795,9.696
550000,63.36,1,12.26,3.493,10.112
967500,109.81,1,24.97,2.342,11.482
767500,124.21,0,34.48,1.894,8.955
1225000,145.21,0,43.56,0.792,5.672
632500,98.94,0,29.68,4.796,1.175
842500,74.69,1,10.7,1.399,2.596
1300000,120.87,1,35.9,0.61,3.7
870000,63.55,1,19.06,2.996,8.354
822500,56.86,1,17.06,2.264,11.081
425000,94.11,0,28.23,8.182,10.418
618000,91.97,0,27.59,5.141,6.458
549500,96.62,0,0.0,5.329,14.11
493000,114.74,0,34.42,4.255,6.609
817500,89.56,0,24.41,4.584,10.985
669500,117.06,1,33.84,2.133,9.659
1023750,84.08,1,22.97,1.595,10.236
925000,63.17,1,18.95,2.072,7.674
1070000,147.53,0,44.26,1.996,8.631
473750,89.19,0,26.76,6.587,10.812
415000,77.57,0,12.76,4.942,3.256
644750,113.81,0,26.48,7.582,12.183
1025000,149.57,0,44.87,1.517,13.22
890000,90.77,1,20.65,2.581,1.659
594820,142.61,0,0.0,4.363,3.774
994500,113.9,0,34.17,1.537,4.483
847500,113.9,1,28.99,1.267,2.321
1250000,97.83,1,29.35,0.82,2.96
500000,97.27,0,17.87,5.335,9.98
575000,73.3,0,21.99,3.87,2.722
575000,92.62,1,22.1,3.907,12.2
950000,171.31,0,51.39,2.931,14.242
684500,112.97,1,27.7,2.814,6.628
900000,71.91,1,10.7,1.263,8.567
1919850,119.1,1,35.23,1.501,7.638
1085000,209.87,0,50.42,1.768,5.811
1297500,133.41,1,28.65,2.869,7.359
880000,67.73,1,20.32,2.806,3.719
695000,101.45,0,30.44,3.597,9.116
775000,104.52,0,31.35,4.278,4.517
1600000,157.84,1,46.63,1.609,3.035
819950,67.63,1,20.29,1.729,3.922
900000,91.79,0,26.14,2.644,6.778
500000,71.72,1,20.4,6.618,14.025
680000,100.34,0,30.1,2.668,9.37
769500,111.39,0,33.42,2.296,14.731
905000,147.34,0,37.96,1.501,6.611
422500,48.31,0,14.49,1.986,4.647
640000,89.0,0,30.04,1.529,10.949
435000,78.04,0,18.73,4.858,10.381
775000,61.32,1,18.39,2.818,1.998
750000,97.83,0,28.09,4.663,6.468
1130000,112.97,1,25.75,1.308,4.8
1220000,94.95,1,27.65,1.587,4.798
753750,123.28,0,29.63,4.756,5.263
1100000,120.4,0,35.31,0.973,14.114
900000,159.89,0,40.72,3.171,14.891
870000,156.26,0,36.34,1.486,8.818
715000,112.78,0,33.84,3.138,4.248
855000,182.0,0,53.15,1.761,1.136
1150000,93.27,1,27.98,0.883,2.12
1157500,86.21,1,25.86,1.693,5.172
575000,80.27,0,24.08,6.426,9.999
1300000,161.09,0,48.33,1.55,9.769
830000,84.54,1,25.36,3.53,14.56
1020000,139.45,0,41.53,1.872,12.495
625000,160.54,0,48.16,3.846,0.135
650000,90.12,1,27.03,1.818,10.433
525000,81.29,0,19.93,4.079,7.221
1112500,82.13,1,24.64,1.73,11.195
705000,100.34,0,30.1,1.201,3.58
575000,83.24,1,24.97,3.623,14.671
610000,90.02,0,27.01,4.99,1.32
1862010,158.86,0,47.66,0.825,9.647
950000,101.91,1,22.99,2.157,5.935
1175000,116.31,0,44.65,2.276,12.21
625000,111.48,0,33.45,1.682,3.011
395000,53.14,1,15.94,1.837,14.673
547500,96.62,0,0.0,3.676,1.045
1347500,71.91,1,21.57,0.794,11.293
1274500,92.07,1,27.62,1.23,10.849
1600000,129.32,1,38.8,1.22,8.103
812500,114.46,0,34.34,1.606,3.443
2062500,146.04,1,43.81,0.389,6.35
1100000,143.16,0,42.95,1.229,7.253
516000,81.94,0,24.58,7.716,3.976
760000,106.75,1,32.02,2.789,3.254
637500,75.07,1,17.95,3.142,12.794
950000,173.45,0,45.07,3.476,8.694
1628120,149.57,1,44.09,0.834,4.791
917500,78.04,1,23.41,1.214,9.756
1140000,158.59,0,46.99,0.566,9.861
642500,79.34,0,20.07,4.871,10.272
1075000,153.85,0,30.1,2.357,9.184
1195000,98.85,1,29.65,1.473,9.181
815000,126.53,0,37.96,2.677,2.555
920000,153.38,0,44.76,2.711,5.211
1215000,200.48,0,33.5,1.786,13.085
1055000,108.14,1,32.08,1.645,9.107
862500,116.31,1,29.32,3.862,4.123
2509185,207.55,0,61.76,0.327,6.509
500000,89.93,0,26.98,3.934,7.418
885000,71.44,1,21.07,2.594,10.916
1000500,83.71,1,22.1,1.673,13.05
600000,124.49,0,0.0,4.968,12.262
1000000,126.53,1,37.96,1.098,1.653
635000,86.96,1,14.05,3.805,2.162
2375000,141.03,1,30.85,0.134,12.06
865000,113.06,0,33.11,1.862,3.16
675000,75.07,1,18.39,3.497,2.487
766685,113.71,0,30.27,3.38,10.177
1430000,147.99,0,44.4,0.724,9.754
1575000,143.91,1,23.77,0.711,2.337
920000,67.35,1,20.21,1.279,8.933
960000,132.94,0,39.88,1.25,14.526
650000,90.12,1,27.03,1.923,2.967
635000,80.27,0,24.08,3.886,11.626
742500,79.43,1,23.83,2.792,9.179
1559360,160.35,0,48.11,1.55,3.383
1175000,126.35,1,37.9,0.525,14.85
520000,86.31,1,21.04,2.999,11.314
1374500,159.14,0,47.74,0.918,6.312
700000,104.14,0,31.24,7.907,13.438
857500,118.82,0,33.33,2.89,2.458
560000,80.36,1,17.2,2.773,14.501
745000,78.78,0,23.63,1.749,12.794
550000,66.89,1,20.07,3.971,2.624
902500,133.97,0,39.69,1.214,13.815
719500,157.56,0,31.77,3.802,0.178
705000,102.19,0,30.66,5.176,13.805
1385000,109.63,1,32.25,1.379,4.941
725000,101.45,0,30.44,2.978,11.338
490000,80.27,0,24.08,3.53,11.916
930000,112.6,0,33.78,2.676,5.876
1263390,86.59,1,25.08,1.455,1.49
780000,91.97,0,27.59,3.846,1.199
808750,64.01,1,19.2,2.936,8.093
672250,114.83,0,29.82,4.991,8.672
1050000,133.41,0,40.02,1.556,2.75
535000,75.25,1,19.12,7.155,9.833
1557500,105.63,1,22.24,1.155,1.73
836200,115.94,0,34.78,1.297,7.693
1024500,139.17,0,41.75,1.969,8.149
1000000,93.83,1,28.15,2.369,3.85
899500,75.34,1,19.87,2.313,1.571
485000,80.27,0,24.08,7.244,13.642
1931250,222.22,0,66.67,0.106,12.934
560000,58.53,1,17.56,4.168,9.234
1450000,112.78,1,33.53,1.503,1.411
530000,44.87,1,13.46,2.779,8.355
625000,84.73,0,25.42,3.315,11.926
962500,144.46,0,38.27,1.961,11.739
740000,110.93,0,33.28,1.62,10.639
2015000,138.43,1,40.75,0.593,1.554
472500,44.87,1,13.46,2.393,9.097
641000,83.06,0,24.92,4.35,4.257
1082500,79.9,1,23.97,1.853,14.811
447500,44.87,1,13.46,1.68,1.153
927500,131.36,0,39.41,1.89,4.118
972500,94.2,1,27.76,1.246,0.464
1590000,157.38,0,47.21,0.797,2.681
565000,74.14,1,20.49,2.429,5.201
1312500,145.49,0,43.65,0.71,5.29
552500,80.45,0,19.12,4.167,13.343
395000,82.59,1,15.05,4.046,10.747
600000,58.16,1,17.45,2.902,14.075
1025000,113.53,1,26.42,1.204,3.688
1207500,173.91,0,51.42,1.716,2.236
685000,84.36,1,28.43,1.858,5.806
700000,127.74,0,38.1,2.094,11.726
900000,78.04,1,23.41,1.672,9.667
1385000,134.15,1,40.25,1.95,14.092
382500,121.33,0,20.29,8.632,10.98
1175000,150.97,0,43.84,0.876,2.147
865000,74.14,1,22.24,1.609,5.411
790000,120.96,0,36.29,2.187,3.852
725000,122.07,0,36.62,4.997,4.748
1150000,93.37,1,27.17,1.996,10.331
1037500,80.27,1,24.08,1.61,7.211
1100000,149.02,0,44.7,1.213,11.592
1157500,89.47,1,26.84,1.265,1.223
485000,81.94,0,0.0,4.867,13.723
880000,128.39,0,37.96,2.821,12.487
1380000,137.68,1,41.3,0.94,11.397
755000,112.6,0,14.1,2.054,12.821
650000,86.03,0,25.81,3.315,1.59
365000,70.98,0,18.95,4.667,13.627
877500,132.11,0,39.63,2.555,14.651
925000,74.51,1,22.35,2.418,1.102
897500,97.73,1,20.07,4.974,7.96
602500,72.28,0,20.62,4.308,6.954
740000,103.4,0,31.86,1.512,6.341
1330000,101.73,1,30.52,0.909,3.722
1207500,126.63,0,38.6,1.299,3.525
1450000,108.14,1,32.11,0.832,4.723
695000,151.62,0,34.56,2.908,10.435
622500,75.81,0,22.74,3.269,5.115
1025000,88.44,1,26.53,1.115,13.626
1005000,144.93,0,43.48,1.107,14.286
705000,80.27,0,24.08,6.66,4.637
2076490,197.05,0,59.11,0.282,1.385
960000,107.4,1,32.33,1.605,4.726
1142500,109.16,1,22.49,1.718,12.992
925000,117.24,0,35.17,1.805,3.465
1037500,122.07,0,36.62,1.634,10.268
1223000,136.38,0,40.91,0.632,10.186
896000,146.32,0,43.9,2.233,5.934
823500,58.06,1,17.42,1.905,3.373
795000,100.8,1,25.42,2.769,9.63
440000,79.71,0,23.91,5.277,6.184
610000,83.61,0,24.58,3.847,11.834
767875,64.85,1,19.45,1.915,2.277
1166150,100.24,1,30.07,0.502,6.653
679500,86.96,1,21.74,4.542,1.301
655000,106.65,1,21.4,4.274,12.741
1175000,136.38,1,22.16,1.262,0.52
835000,152.73,0,39.47,2.612,7.985
712500,93.18,0,27.95,2.328,14.83
760000,84.54,1,25.36,3.855,12.068
1195000,90.58,1,27.17,1.01,5.977
875000,96.71,1,19.57,1.613,14.018
792500,107.02,0,30.44,2.825,4.615
785000,124.12,0,32.47,4.808,9.142
1335000,112.41,1,28.65,0.773,9.055
1025000,143.16,0,42.95,1.835,11.093
749500,83.06,0,24.92,4.165,5.04
1475000,155.61,1,40.97,1.148,6.567
1529500,185.81,0,55.74,0.564,5.544
1125000,104.24,1,19.51,1.308,11.837
447500,96.15,1,8.89,2.848,14.214
412500,79.99,0,24.0,7.388,5.759
1800000,180.6,0,52.84,0.458,11.833
828000,64.75,1,19.43,2.848,9.648
660000,90.3,0,27.09,1.815,4.457
599500,73.67,1,22.1,3.499,13.497
1875000,189.15,0,59.53,1.103,2.367
890000,77.3,1,20.29,1.78,3.96
942500,66.52,1,19.96,1.884,2.078
1300000,107.12,1,23.55,1.406,2.13
1350000,101.08,1,30.32,0.81,9.617
1300000,127.46,1,37.54,1.155,12.618
937500,136.75,0,38.24,1.93,12.685
1713215,116.04,1,34.81,0.459,4.068
1770000,105.54,1,31.66,0.988,14.269
1505000,144.28,1,41.86,1.811,5.69
630875,108.05,0,32.39,9.763,10.679
1210000,176.33,1,19.79,1.025,1.596
435000,74.6,0,20.07,4.473,0.148
1620000,159.7,0,47.91,0.666,10.652
726250,128.48,0,38.55,2.896,13.472
1072500,134.24,1,23.52,2.703,1.696
390000,55.37,1,16.61,4.728,8.128
595000,160.54,0,48.16,4.621,13.06
695000,98.11,0,29.43,3.534,11.445
1420000,151.34,0,89.35,0.894,6.242
1035000,126.16,0,37.85,1.108,14.706
960000,87.61,1,26.28,2.808,6.648
1144750,150.41,1,41.78,4.717,1.554
1887130,178.56,0,53.57,0.267,14.491
1070000,142.7,0,42.81,1.817,14.197
1012500,150.6,0,33.67,1.46,8.495
775000,112.88,0,33.86,1.958,11.501
1014500,92.25,1,26.95,0.898,10.744
410000,78.13,0,20.09,5.683,10.197
437500,96.62,0,0.0,8.047,12.139
1330000,156.45,0,46.93,0.258,9.791
425000,49.8,1,14.94,3.657,14.515
701000,90.3,1,27.09,2.797,2.219
757500,89.0,0,26.7,2.95,4.89
787500,137.31,0,41.19,1.919,11.776
770000,70.98,1,21.29,1.641,8.741
2185770,171.68,1,51.51,0.32,13.216
1590305,173.64,0,52.09,0.494,1.599
950000,134.99,0,40.5,1.536,10.582
475000,57.23,1,17.17,4.878,14.729
529500,66.89,0,17.39,1.673,3.553
700000,110.74,1,26.2,2.956,2.271
887500,111.48,0,33.45,1.768,7.869
865000,108.42,0,32.27,2.944,10.148
670000,106.1,0,31.83,3.531,9.839
650000,125.6,0,29.6,3.217,8.415
1400000,100.89,1,30.27,0.717,5.744
780000,84.73,0,24.75,2.593,10.948
725000,91.79,1,24.61,3.627,14.834
992500,45.99,1,0.0,1.606,8.088
590000,44.87,1,13.46,2.267,6.537
950000,73.39,1,22.19,2.078,14.564
735000,62.43,1,18.73,4.153,3.485
795000,129.51,0,38.85,1.882,8.877
825000,132.94,0,30.63,2.563,12.754
660000,117.8,0,35.34,3.003,12.066
810000,119.57,0,29.63,4.851,11.469
862000,88.54,1,26.56,2.308,10.541
672160,104.05,1,0.0,7.158,10.9
625000,69.86,0,20.74,2.613,14.522
615000,122.54,0,16.95,4.341,1.022
1097500,78.69,1,23.61,1.364,6.93
305000,83.98,0,19.04,12.21,7.309
740000,84.91,0,24.25,4.328,11.051
1700000,146.79,1,44.04,0.665,5.024
1972160,172.43,0,51.73,0.294,3.769
895000,93.55,1,27.37,2.772,2.172
635000,95.32,1,28.6,4.44,9.906
938750,120.87,0,36.04,1.3,8.401
1067500,87.24,1,26.17,1.309,13.247
380000,72.84,0,21.85,2.113,7.619
1200000,100.24,1,44.04,2.104,10.41
960000,117.89,0,35.01,0.648,9.989
405000,61.13,1,18.34,3.255,10.779
625000,104.52,0,29.01,2.131,1.35
955000,137.4,0,40.91,1.94,6.615
2130000,161.84,1,46.88,0.168,2.551
595000,89.28,1,24.0,4.806,9.951
1075000,74.69,1,22.41,2.423,13.647
532500,81.94,0,0.0,3.602,11.259
500000,73.21,0,21.96,6.644,11.915
545000,68.28,1,20.49,3.001,3.002
645000,106.28,0,31.88,3.574,12.697
615000,83.06,0,24.92,3.86,11.689
847500,81.38,1,24.08,4.16,1.24
335000,100.06,0,26.78,4.309,7.63
1205000,103.31,1,30.44,1.465,3.422
1227500,119.66,0,35.12,0.721,5.33
824950,121.7,0,36.51,1.214,8.342
540000,62.43,0,18.73,3.946,6.44
1290000,108.23,1,31.8,0.951,6.448
840000,74.88,1,22.46,2.694,10.956
750000,150.5,0,35.7,5.509,11.354
575000,108.32,0,29.65,1.627,2.625
885000,78.04,1,23.41,2.273,8.989
1400000,99.5,1,29.63,1.633,11.887
1698750,97.55,1,28.82,0.668,1.451
300000,118.54,0,35.56,4.637,11.458
725000,98.11,0,29.43,4.502,1.286
1110000,137.31,0,40.97,1.673,6.993
575000,95.5,0,28.09,3.449,13.146
1140000,100.34,1,30.1,1.199,1.284
905670,124.49,0,37.35,1.024,2.042
747500,62.43,1,18.73,1.867,10.381
1195000,127.28,1,38.18,2.213,10.534
630000,70.23,1,21.07,4.699,8.267
710000,98.11,0,29.43,3.146,3.279
1031500,124.86,0,37.46,1.414,9.619
1075000,148.83,0,44.65,2.445,14.091
565000,91.79,0,27.54,3.389,14.258
1575000,136.57,1,40.97,0.848,6.134
695000,111.11,0,33.33,2.242,14.41
675000,65.68,1,18.14,1.244,5.903
1375000,152.73,0,42.31,1.656,4.898
545040,84.26,0,25.28,5.017,6.91
977000,112.23,0,33.67,1.751,14.79
875000,131.18,0,38.8,2.655,6.418
427000,44.87,1,13.46,1.66,5.072
399500,101.08,1,25.11,2.138,11.086
612500,71.07,1,21.32,3.352,9.908
905000,86.03,1,25.81,2.937,11.622
405000,58.53,0,17.56,6.554,10.933
1060000,76.83,1,22.27,1.05,1.673
580000,68.19,1,18.06,1.874,6.765
595000,83.98,0,24.64,2.773,7.136
451750,64.47,0,12.26,3.913,14.741
550000,63.55,1,19.06,2.702,7.922
2775000,223.15,0,86.23,0.167,11.651
590000,133.78,0,40.13,7.964,6.028
814500,104.79,1,30.04,4.191,1.158
862500,116.87,0,35.06,1.95,6.481
1050000,86.68,1,25.5,1.891,8.306
637500,156.91,0,40.02,2.419,6.586
950000,175.4,0,42.28,2.579,0.605
999500,88.82,1,25.92,1.505,3.258
597500,72.46,1,21.74,2.746,1.695
600000,63.08,1,18.09,9.096,10.886
550000,75.53,0,22.66,2.846,8.387
1400000,142.42,0,42.73,1.744,12.422
1020000,82.5,1,24.3,2.212,13.089
1050000,73.02,1,21.4,0.63,11.536
940000,160.54,0,48.16,3.494,12.12
877500,115.39,0,34.62,1.638,13.641
490000,57.97,1,17.39,4.532,13.795
1280000,154.5,0,38.02,6.564,12.482
805000,77.39,1,16.39,0.813,13.543
550000,90.95,1,19.76,3.549,5.874
1317175,77.3,1,23.19,0.539,2.995
775000,53.42,1,15.61,1.286,11.786
311915,80.27,0,24.08,3.543,12.38
943500,78.87,1,19.93,1.98,12.891
620000,96.62,0,28.99,4.08,11.45
893700,131.36,0,38.32,1.138,9.04
835000,118.64,0,35.59,1.231,8.253
732500,82.5,1,20.29,4.388,14.794
1250000,151.8,0,45.32,0.853,5.016
935000,77.3,1,23.19,1.596,0.393
1060000,139.54,0,41.47,0.704,14.076
950000,107.86,1,22.52,1.543,0.633
740000,99.59,0,15.25,2.124,3.195
2200000,183.58,0,55.07,0.603,5.348
1255000,153.48,0,41.64,0.71,7.187
662500,90.12,0,27.03,4.81,8.106
1044500,138.7,0,41.19,2.376,4.266
1900000,192.22,1,60.01,0.409,4.386
1485000,159.61,0,47.52,0.928,3.051
447355,105.07,0,25.28,7.297,7.591
1630000,171.87,0,51.09,0.314,2.983
1870000,166.48,0,49.94,0.202,5.937
775000,85.1,1,25.36,1.352,3.413
820000,112.97,0,33.89,2.63,9.863
662500,92.81,0,27.84,4.707,9.682
735000,103.4,0,31.02,4.907,4.216
780000,99.68,0,29.91,3.838,14.989
875000,137.87,0,41.36,4.495,4.98
800000,164.07,1,26.59,4.092,13.694
430000,58.53,0,17.56,6.81,5.196
575000,57.23,1,7.36,3.441,8.86
665000,89.0,1,22.46,1.829,13.77
863925,67.63,1,20.29,2.154,9.097
775000,117.89,0,35.37,3.058,5.74
456500,82.31,0,5.3,3.672,14.373
174500,66.89,0,20.07,7.037,9.719
2150000,299.89,0,89.19,0.702,8.849
920000,105.26,1,28.6,1.165,7.747
650000,83.52,0,24.08,3.935,4.966
600000,84.73,0,25.42,3.255,6.711
565000,62.43,1,18.73,2.433,11.284
1133500,80.45,1,24.14,1.027,10.938
700000,112.78,0,33.84,3.788,11.99
1445000,167.32,0,41.83,1.564,11.19
735000,79.43,1,23.83,1.541,14.887
622500,89.19,1,26.76,4.285,12.985
1075000,98.94,1,21.66,0.568,4.875
1041500,113.16,0,33.95,2.193,14.96
805000,64.01,1,19.2,1.05,6.961
622500,96.71,0,29.01,3.758,9.12
824500,126.63,0,28.09,3.423,13.163
1013325,127.09,0,38.13,1.327,2.75
649500,80.27,0,24.08,4.522,10.238
670000,100.34,0,30.21,2.069,7.536
482500,73.3,0,21.4,4.504,3.805
2014305,187.66,0,55.91,0.183,1.863
790000,128.02,1,19.2,1.878,10.972
1325000,118.64,1,35.23,1.082,8.71
1055000,81.94,1,22.13,1.529,7.364
1170000,118.54,1,35.56,1.539,9.942
531250,64.47,1,0.0,8.0,5.275
750000,115.57,0,34.67,2.025,10.792
795000,93.27,1,27.98,2.475,10.67
923750,291.53,1,87.46,0.178,1.644
1578750,128.48,1,38.43,1.652,7.418
880000,117.62,0,35.03,1.754,9.095
660000,86.21,0,25.86,4.899,8.687
2231305,137.12,1,40.47,0.26,8.959
430000,56.21,0,14.72,5.061,1.635
1003120,233.65,0,56.72,1.729,11.922
875000,140.19,0,40.72,1.689,13.722
640000,69.77,1,17.03,2.504,3.139
537500,76.83,0,0.0,4.128,11.396
196500,31.03,0,0.0,12.654,8.995
890000,65.68,1,19.7,0.85,11.371
537500,76.18,1,31.13,4.534,1.225
940000,81.75,1,24.53,1.168,1.489
556250,80.27,0,24.08,6.822,8.628
790000,107.67,0,29.29,4.496,8.757
1360000,148.74,0,44.06,0.557,2.472
1575000,170.76,0,51.23,0.446,11.868
1240000,92.62,1,27.01,0.982,2.372
1066250,156.08,0,45.99,1.108,2.839
665000,71.26,0,20.15,1.026,12.151
898325,61.69,1,18.23,1.312,11.133
1145000,127.93,1,33.56,1.677,12.986
1050000,85.01,1,29.68,2.937,5.085
647500,71.35,0,21.4,3.793,9.562
625000,76.64,0,22.99,4.43,10.045
1315000,84.73,1,25.42,1.076,11.509
700000,99.31,0,29.79,2.536,3.543
562500,86.21,0,25.86,4.254,1.702
1277500,159.51,0,47.63,0.551,11.647
540000,104.61,0,0.0,7.317,10.122
1420000,93.46,1,27.82,1.85,10.005
565000,97.36,0,27.68,4.201,14.436
705000,101.45,0,30.44,3.242,8.565
540000,83.33,1,17.75,7.952,8.672
875000,67.73,1,20.32,1.783,11.647
1170000,144.65,0,38.29,1.347,11.406
607500,129.32,0,38.8,3.857,7.997
850000,129.04,0,38.71,3.741,1.726
540000,92.53,0,27.76,4.012,14.784
925000,108.05,1,32.41,2.012,11.196
1340000,108.32,1,30.52,1.85,7.691
640000,78.13,1,22.46,2.733,10.345
1625000,105.35,1,31.27,0.232,4.516
1070000,142.61,0,42.28,1.961,4.259
1583000,138.98,1,41.69,0.818,1.545
679800,87.61,0,26.28,4.657,6.558
713000,160.54,0,48.16,4.415,8.922
600000,80.27,0,24.08,2.153,2.425
1122500,78.6,1,23.58,1.734,3.592
850000,71.91,1,10.7,1.965,6.441
695000,53.51,1,10.37,3.54,1.004
592500,77.3,1,23.19,4.616,12.334
725000,81.48,1,24.0,1.538,3.261
822500,122.63,0,32.44,3.967,13.692
730000,65.31,1,19.2,1.436,8.982
657500,97.55,1,29.26,4.462,5.351
909500,132.76,0,31.88,1.903,2.0
1266465,189.71,0,56.91,0.926,9.819
592500,75.81,0,22.74,2.746,1.825
1625000,141.31,1,34.48,0.109,13.0
665000,91.88,1,24.64,7.645,14.97
1849500,188.41,0,52.06,0.622,12.603
650000,77.85,0,22.74,2.197,2.565
685000,79.9,0,23.41,4.221,9.176
715000,136.85,0,40.05,3.758,9.662
397500,72.37,0,20.68,3.057,2.617
929500,71.54,1,21.46,1.851,13.27
2259750,160.54,1,47.99,0.118,2.377
690000,75.81,0,22.74,3.424,13.538
700000,78.78,0,23.63,2.697,14.665
550000,85.84,0,25.75,3.681,9.16
1595000,169.64,0,50.56,0.94,5.634
572520,63.55,1,19.06,2.552,1.733
971005,130.25,0,35.06,1.276,5.818
1087500,153.01,0,39.86,3.02,1.502
755000,66.52,1,19.96,2.922,10.486
1375000,98.29,1,29.49,0.543,9.328
705000,72.46,1,21.74,2.58,11.236
1100000,86.12,1,25.31,0.744,13.173
755000,55.74,1,16.72,1.758,5.412
1105000,138.8,0,41.64,1.691,11.499
1025000,110.18,1,21.4,1.646,11.352
760000,96.62,0,28.99,3.982,8.817
1125000,103.31,1,24.97,4.586,1.876
1795500,180.23,1,26.9,0.547,13.108
592500,95.6,0,28.68,5.665,11.101
1565000,137.12,1,40.13,0.408,1.465
740000,95.88,0,28.76,1.959,12.935
1307500,120.68,1,36.2,0.791,2.625
735000,104.05,0,31.22,3.947,10.068
377500,58.53,0,17.56,6.593,10.316
687500,97.92,0,26.09,2.138,11.432
916000,74.97,1,21.82,2.619,8.415
527500,77.3,0,23.19,1.996,13.675
1574065,169.83,0,50.78,0.411,11.805
1525000,137.68,1,41.3,0.635,12.553
335000,80.27,0,24.08,8.503,10.074
1200000,143.81,1,42.42,1.681,11.26
675000,91.04,0,27.31,3.385,8.125
842500,70.23,1,21.07,1.679,3.314
825750,94.02,1,20.4,2.304,12.198
800000,103.68,0,31.1,2.643,1.667
699500,132.11,0,27.26,3.37,3.358
765000,141.21,0,32.22,1.825,8.994
675000,96.62,1,28.99,3.968,6.144
842500,125.42,0,34.78,2.587,11.777
620000,101.17,1,17.73,4.953,12.901
1047500,144.37,0,43.31,0.762,7.882
412500,131.09,0,38.63,1.283,3.644
697000,98.11,0,29.43,3.201,12.8
720000,98.11,0,29.43,1.791,6.051
1000000,133.78,1,40.13,1.841,11.434
300000,74.32,0,7.36,10.359,11.299
465000,75.34,1,22.6,3.028,7.297
425000,73.95,0,22.19,4.068,10.23
1322805,145.58,0,42.36,0.637,14.505
1370000,141.03,0,42.31,0.987,1.511
1130000,98.2,1,29.46,1.553,12.562
1725000,185.81,1,54.4,0.849,3.208
760000,72.46,1,21.74,3.253,2.144
1854390,164.07,0,49.22,0.461,7.218
716250,91.14,0,27.34,2.236,6.948
491500,97.36,0,0.0,4.745,9.247
775000,101.64,0,30.49,2.361,10.467
775000,97.64,1,21.07,2.204,1.678
422500,58.53,0,17.56,6.321,1.925
1029750,76.37,1,22.66,1.184,6.193
540000,70.14,1,21.04,5.154,12.569
955000,84.45,1,24.53,1.941,14.553
675000,70.23,1,21.07,2.217,8.565
1750000,196.3,0,58.78,0.911,14.857
440000,48.77,1,14.63,2.101,3.946
727500,97.83,0,29.35,3.148,10.594
745000,79.06,1,21.63,1.629,8.287
487500,84.73,1,25.42,1.58,12.989
835000,138.05,0,41.42,3.298,3.67
989500,106.1,1,22.1,1.563,9.463
2010000,156.63,1,45.4,0.652,13.453
550000,129.32,0,38.8,2.991,7.912
687500,109.72,0,31.72,5.355,8.24
2115000,194.82,0,57.89,0.882,2.918
1152500,135.08,1,39.19,0.803,4.628
645000,136.1,1,28.46,2.686,5.937
967500,155.98,0,39.24,1.839,13.354
840000,133.5,0,33.11,4.045,2.118
687500,109.63,0,19.51,6.352,1.516
867500,68.56,1,20.57,2.164,10.285
518000,64.75,1,18.73,2.79,13.445
825000,112.23,0,33.67,2.985,13.694
1287500,170.85,0,41.17,1.958,8.975
700000,105.54,0,31.66,2.432,4.894
742500,79.43,1,23.83,2.414,10.274
435000,101.73,1,30.52,7.22,7.223
547500,73.58,0,21.4,4.895,9.792
1862500,190.08,0,57.02,0.604,3.761
642500,91.79,0,27.54,3.422,1.894
715000,85.75,0,25.72,2.491,13.738
797170,78.78,1,22.1,3.314,12.798
865000,119.94,0,35.98,1.761,3.107
1425000,154.96,0,45.32,0.223,2.494
1105000,111.02,1,33.31,1.003,12.594
1037500,110.55,1,33.17,1.451,10.92
1139375,81.2,1,24.36,1.594,7.281
744000,51.19,1,15.36,1.291,12.879
1960000,131.83,0,39.55,0.616,12.439
973500,126.53,0,37.96,2.56,12.529
705000,78.78,0,23.63,2.554,13.796
3775000,227.05,1,68.12,0.145,12.329
1675000,115.01,1,33.72,1.687,1.028
542400,99.68,0,29.91,4.848,9.96
707500,99.13,1,25.84,4.576,2.321
880000,105.63,0,30.99,2.438,13.524
445000,57.23,0,17.17,4.322,12.53
617500,106.65,0,27.31,4.867,9.49
692500,83.06,0,24.92,3.85,0.144
980000,129.23,0,38.77,1.545,10.622
1562500,167.23,0,50.17,0.824,5.151
700000,108.14,0,32.44,1.908,10.647
1809595,117.43,1,34.39,0.913,14.466
700000,95.88,1,10.03,3.143,10.076
1065000,137.87,0,41.05,1.166,6.466
275000,34.56,1,0.0,5.923,12.284
1510000,169.46,0,45.79,1.749,3.518
1270000,123.0,0,36.9,0.785,5.921
897700,67.63,1,20.29,1.289,12.44
549500,83.98,0,24.41,3.249,9.001
260000,67.73,0,7.53,9.377,4.675
513880,79.8,1,23.94,7.099,6.609
945000,114.08,0,34.23,0.971,6.104
645000,89.19,0,26.76,6.501,2.264
652500,67.35,1,20.21,2.241,0.199
825000,125.42,0,29.65,1.621,4.473
797500,146.42,1,20.01,1.04,5.519
785000,109.44,0,32.78,3.864,13.468
1705000,123.1,1,36.54,1.322,7.825
642500,90.21,0,27.06,3.501,10.045
1375000,161.84,0,48.55,0.546,13.144
715000,78.78,0,23.63,2.943,2.41
622500,80.27,0,24.08,7.508,3.485
675000,92.62,1,26.23,6.726,2.987
1600000,157.75,0,47.32,0.485,3.477
602500,80.27,0,24.08,7.999,1.877
1110000,156.08,0,24.53,2.508,4.314
972500,114.46,0,34.34,1.27,13.827
550000,165.0,0,44.15,3.08,13.592
515000,78.78,0,21.74,7.269,10.608
1182500,150.13,0,44.45,0.735,8.22
937500,106.47,0,24.19,1.652,11.446
1112500,107.12,1,32.14,1.916,14.385
657000,106.28,0,24.08,3.363,10.565
540000,88.07,0,26.42,4.171,11.228
815000,81.75,1,24.53,1.635,2.779
467500,96.62,0,0.0,8.983,6.336
1199500,83.71,1,24.89,0.546,8.365
895000,111.48,0,33.45,3.696,9.783
950000,80.27,1,24.08,1.333,3.9
660000,71.35,1,7.36,4.34,6.759
710000,84.73,0,25.42,2.787,10.334
895000,125.33,0,37.6,1.33,6.07
875000,136.01,0,14.49,4.387,12.256
900000,124.21,0,37.26,0.644,4.359
1499000,109.16,1,31.83,0.973,5.608
1180000,91.04,1,26.53,1.814,9.425
1329895,122.63,1,34.56,1.55,3.66
1302000,159.79,0,47.94,1.455,13.345
490000,101.08,1,0.0,5.944,5.544
482500,73.58,1,16.05,5.97,5.219
810000,61.32,1,18.39,1.97,1.979
1085000,138.8,0,41.22,2.106,7.354
1377500,96.43,1,28.71,0.757,7.292
780000,95.32,0,28.6,2.982,6.668
862500,68.93,1,20.32,2.486,6.809
1060000,80.45,1,24.14,0.771,3.722
794500,62.43,1,18.73,2.12,1.911
897000,70.33,1,20.74,1.188,13.112
1450000,123.38,1,36.73,0.681,12.689
637500,80.27,0,24.08,2.635,11.414
500000,120.87,0,31.91,4.251,10.971
1076000,70.98,1,21.07,1.76,14.485
1685000,117.8,1,34.89,0.602,2.817
1350000,138.8,0,41.64,0.775,1.719
1320660,139.91,0,41.75,0.478,13.981
982500,91.04,1,27.31,1.438,8.602
800000,91.32,1,27.4,2.547,8.578
1084185,170.57,0,51.84,1.121,8.231
2690000,157.01,1,45.99,0.987,11.037
674500,79.71,0,23.91,4.218,10.282
510000,113.34,0,23.3,5.718,11.381
535000,103.77,0,28.68,1.738,8.192
572500,84.73,0,25.42,4.102,11.576
1975000,183.3,0,53.93,0.776,10.289
810000,111.86,0,33.56,1.64,12.647
1107500,149.95,0,44.98,1.992,11.843
712500,83.06,0,24.08,4.826,2.79
720000,187.66,0,0.0,3.923,10.889
675000,93.27,0,27.17,1.676,10.403
880000,116.41,0,34.48,1.832,11.008
879500,75.25,1,21.21,2.248,7.214
935500,132.85,0,39.38,1.717,9.304
827500,103.12,0,30.57,4.018,13.391
640000,68.93,1,20.68,1.91,4.089
807500,124.68,0,38.24,2.752,10.537
695000,89.74,1,19.12,4.96,12.911
1165000,88.82,1,26.64,1.244,3.068
539500,83.71,0,25.11,6.654,9.381
937500,90.67,1,23.19,2.075,9.181
801000,106.37,0,31.91,1.922,14.81
734000,98.66,0,28.68,2.262,8.414
1348950,104.7,1,31.13,1.879,4.32
1125000,138.98,0,41.69,0.932,2.459
972500,100.89,1,19.84,1.276,9.353
855000,82.5,1,18.12,2.685,2.999
717500,119.38,0,18.39,2.122,2.86
550000,71.81,0,21.54,4.868,7.507
2425000,182.65,1,53.68,0.352,12.363
875000,91.14,1,20.37,4.641,10.584
1000000,57.23,1,17.17,1.924,10.542
549500,111.11,0,33.33,5.896,1.715
945000,67.63,1,20.29,1.587,14.502
2914665,161.09,1,48.33,0.5,12.205
590000,104.79,0,26.09,3.979,8.372
1138400,132.67,0,39.49,1.149,2.057
677500,91.04,0,27.31,4.077,14.268
1117500,99.59,1,36.9,3.69,9.463
799750,100.89,0,28.54,4.104,10.92
530000,99.87,1,23.66,4.087,10.334
905000,121.61,0,28.99,2.183,8.793
722500,78.78,0,23.63,1.983,6.748
279965,96.99,0,15.05,3.377,11.688
789500,133.97,0,40.19,2.546,2.253
580000,63.73,1,19.12,4.144,4.822
1124500,154.31,0,45.96,1.234,8.872
685000,93.65,0,28.09,4.551,7.421
1355000,156.91,0,43.7,0.522,8.046
775000,97.73,0,28.15,2.617,8.902
1120000,126.16,0,37.85,1.705,2.52
915000,74.14,1,22.24,1.811,3.376
465000,86.96,0,26.09,6.158,1.064
1125000,78.69,1,23.61,1.664,10.322
697500,87.7,1,21.68,2.731,9.984
1163000,138.33,0,41.5,0.99,1.274
1925000,193.61,0,57.92,0.15,1.193
547500,72.84,0,21.85,3.074,5.58
945000,133.22,0,40.52,1.502,12.118
925000,107.77,1,28.23,4.18,11.423
737000,48.31,1,16.72,1.87,3.581
830000,129.32,0,38.8,2.811,7.389
755000,48.31,1,16.72,1.44,9.136
1185000,87.42,1,26.23,1.526,12.101
835000,140.84,0,42.25,2.185,3.595
699750,106.28,0,31.88,4.445,3.881
640000,99.13,0,29.74,6.23,11.773
767500,144.84,0,43.45,4.31,10.727
500000,44.87,1,13.46,1.732,5.263
720000,102.1,0,30.63,3.939,4.442
652500,71.35,1,21.4,4.938,7.254
700000,75.25,1,18.73,2.008,1.488
787500,89.0,1,18.12,4.385,9.735
874500,108.23,0,31.41,2.475,12.026
705000,167.23,0,50.17,4.704,12.641
769500,81.38,1,24.41,4.705,14.643
855000,158.03,0,38.74,4.719,0.185
1065000,93.46,1,20.62,1.38,1.766
667500,80.27,0,24.08,3.633,11.618
1200000,121.42,1,25.28,2.578,11.905
935000,101.64,1,14.72,2.639,11.19
657500,78.78,0,23.63,2.809,4.17
1075000,135.27,0,35.48,0.518,7.718
820000,85.28,1,25.59,1.068,14.311
790000,134.24,0,31.41,2.447,9.459
850000,165.27,0,49.14,4.842,14.455
635000,96.62,0,28.99,4.995,12.441
735000,95.32,0,26.2,2.62,9.385
870000,65.22,1,19.57,2.151,12.486
760000,127.28,0,30.38,1.098,7.595
1250000,140.47,1,29.38,2.451,0.57
949750,84.73,1,25.42,1.873,8.7
657500,96.53,0,28.96,3.887,3.791
760000,101.91,0,28.99,2.541,5.297
662500,106.65,0,32.0,4.807,2.212
1252900,127.46,0,38.24,1.046,8.348
742500,93.09,0,27.93,4.592,11.823
1244500,152.92,0,45.65,0.647,14.983
645000,104.05,0,28.99,6.125,11.516
845000,143.72,1,0.0,3.291,11.432
1180000,98.66,1,29.26,1.531,11.672
547500,83.06,0,24.92,4.132,1.232
1002500,74.69,1,22.41,2.689,9.602
580000,84.54,0,2.93,3.34,13.769
665000,96.25,0,23.19,3.158,10.223
332500,62.8,1,18.84,4.742,13.159
1517385,110.0,1,33.0,0.81,11.223
661250,96.62,0,29.65,5.722,13.343
1750000,135.82,1,40.75,0.474,6.932
740000,107.3,0,30.91,3.286,4.168
682500,80.27,0,24.08,3.922,5.871
785000,101.26,0,30.38,3.508,11.189
937500,110.28,1,32.22,1.255,3.862
890000,75.07,1,22.52,1.514,3.956
592500,88.63,1,22.16,7.414,14.463
500000,82.87,0,24.86,4.802,1.621
1644500,158.77,0,47.32,0.403,2.433
725000,159.05,0,45.32,3.316,12.267
677500,81.01,1,22.74,3.883,10.253
1340000,205.97,0,61.79,0.673,13.321
747500,139.82,0,41.95,2.381,11.857
614500,62.43,1,18.73,4.278,12.544
862500,85.28,1,25.59,2.136,11.297
772500,99.22,0,29.52,1.875,4.775
825000,128.48,0,38.55,4.691,1.672
594290,142.61,0,0.0,3.398,1.739
700000,91.32,1,21.74,2.077,11.736
532500,88.35,0,26.51,6.45,3.896
714765,104.05,1,0.0,3.474,11.305
3058285,219.62,0,64.94,0.372,7.407
675000,114.83,0,25.42,4.15,11.32
550000,79.71,0,23.91,7.978,6.677
765000,121.33,0,27.65,3.59,1.333
900000,74.97,1,21.82,1.978,5.25
1200000,155.15,0,46.54,1.658,4.577
627500,83.8,0,24.41,3.549,14.974
640000,98.76,0,29.43,4.132,1.634
1275000,151.99,0,45.23,0.843,11.791
1250000,94.76,1,28.34,1.745,2.877
655000,83.8,0,24.08,3.098,5.63
870000,68.93,1,20.68,2.41,10.928
771500,102.66,1,30.8,3.993,11.121
717500,117.8,0,35.34,4.808,1.449
440000,94.3,0,21.4,3.572,4.971
725000,93.0,1,27.9,4.598,5.169
868665,56.86,1,17.06,2.411,10.033
375000,50.73,1,15.22,6.057,8.172
176555,44.59,0,13.38,11.273,7.389
675000,114.18,0,31.61,6.863,1.19
1190000,84.73,1,30.77,1.678,7.161
882500,131.36,0,33.0,2.581,7.461
1005000,86.96,1,25.86,2.489,2.995
729500,118.17,1,35.45,4.677,11.127
849950,122.26,0,36.68,2.442,1.716
965000,150.22,0,44.7,2.855,6.356
1037500,156.63,0,46.99,2.47,2.78
875000,104.61,0,31.38,3.618,6.016
1425000,114.64,1,32.92,0.72,2.227
880000,102.01,1,23.19,1.58,11.131
1182500,166.11,0,48.86,0.866,9.385
1110000,92.25,1,26.87,1.09,14.181
1005000,136.2,0,40.86,0.648,5.311
587500,85.94,0,25.78,4.495,2.609
1600000,176.98,0,53.09,0.253,3.809
950000,139.35,0,41.81,1.132,11.316
1210000,192.22,0,16.3,1.539,0.618
399500,69.4,0,16.72,7.914,14.368
924500,111.48,0,32.78,1.531,4.596
1265000,103.4,1,31.02,1.913,9.979
1198995,129.23,1,38.77,1.83,2.517
1222000,112.13,1,28.76,1.257,9.102
754500,160.54,0,48.16,2.737,11.763
1070000,94.95,1,27.65,1.482,4.004
750000,133.78,0,40.13,7.419,4.966
715000,151.62,0,45.49,4.493,8.961
687500,124.86,0,22.83,2.008,14.89
624500,110.37,1,30.32,3.23,4.703
715000,106.28,0,31.88,4.926,11.391
1350000,151.34,0,45.04,0.57,8.549
962500,86.96,1,26.09,1.967,14.822
987500,128.3,0,32.36,2.79,4.84
645000,80.27,0,24.08,4.448,12.867
599500,89.65,0,23.08,4.96,1.426
669500,71.35,0,21.4,4.935,14.155
860000,108.51,1,21.85,4.609,1.695
637500,91.04,0,26.34,2.049,5.597
725000,90.95,1,27.29,2.686,4.165
620000,52.12,1,15.64,1.521,4.918
660000,98.2,0,29.46,4.073,13.343
925000,124.21,0,37.26,1.455,3.951
775000,64.66,1,19.4,1.673,9.15
582500,79.71,0,23.91,4.345,9.417
1360000,143.26,1,37.07,2.377,1.059
775000,74.69,1,22.41,2.734,11.707
1195000,167.23,0,50.17,0.482,14.531
1074500,76.55,1,22.77,1.108,8.269
894500,72.74,1,21.82,1.851,1.8
800000,90.67,1,20.29,3.05,5.225
675000,102.01,0,30.6,4.768,9.058
189500,55.74,1,16.72,9.123,14.496
700000,101.73,0,16.39,2.873,11.471
675000,66.89,1,20.07,5.664,5.011
865000,70.98,1,21.29,1.063,2.972
497500,85.28,0,25.59,2.736,11.254
910000,132.67,0,39.8,1.909,7.886
837500,105.54,1,20.29,1.302,1.982
825000,62.52,1,18.76,1.408,12.411
427500,80.73,0,12.26,5.419,5.332
999500,115.29,0,34.59,1.946,11.69
550000,83.06,0,24.92,5.913,11.732
695000,104.14,0,31.24,3.985,11.577
892000,92.81,0,26.31,1.097,4.446
1680000,118.54,1,34.14,0.944,7.876
799475,117.62,0,35.28,1.136,13.471
1279500,106.75,1,31.44,0.727,4.966
630000,120.96,1,0.0,4.341,2.27
625000,108.14,0,32.44,4.486,1.777
585000,93.0,1,13.52,2.919,11.266
1975960,180.23,0,53.79,0.326,7.806
975000,103.87,1,23.63,2.613,11.081
985000,72.28,1,21.46,1.155,14.024
1740000,130.71,1,38.91,0.707,9.08
840000,85.1,1,25.53,0.55,13.278
935000,94.76,1,22.91,2.234,13.358
869500,69.68,1,20.9,2.112,10.632
1687500,159.61,0,47.38,0.195,1.8
608000,71.91,1,20.82,5.098,10.539
682500,97.55,0,29.26,3.741,9.503
925000,133.97,0,40.19,2.165,0.611
455000,100.06,0,28.07,9.901,14.928
1030000,112.23,0,33.08,1.855,1.684
410000,87.7,0,0.0,8.199,13.599
430000,64.2,0,19.26,4.371,14.107
1160000,146.23,0,43.87,0.772,2.077
684525,156.08,0,46.82,4.956,10.728
905000,139.73,0,37.51,1.359,9.066
749500,91.51,0,27.45,3.796,4.475
817500,153.94,0,46.18,1.785,1.994
440000,50.73,1,15.22,5.366,10.032
1200000,158.86,0,47.66,1.848,8.214
510000,93.65,0,28.09,3.909,4.733
675000,66.89,1,20.07,4.326,9.146
500000,154.59,0,0.0,4.283,9.512
825000,83.61,1,16.78,2.396,11.236
425000,94.95,0,28.48,3.043,11.181
596000,100.52,0,30.16,2.68,14.197
1135000,75.25,1,22.58,0.622,2.207
1015000,139.73,0,41.92,1.126,7.718
937500,126.35,0,34.0,0.782,6.472
800000,74.51,1,10.7,1.069,12.096
1067450,139.91,0,37.96,1.765,4.151
880000,105.17,0,31.55,5.621,5.452
970000,113.34,0,33.42,1.216,4.922
435000,84.73,1,25.42,4.739,5.421
955000,139.73,0,37.51,1.329,14.127
1435000,269.23,0,43.62,0.574,13.385
562500,81.94,0,24.58,4.801,14.692
837500,117.43,0,35.34,3.006,10.699
1465385,152.92,0,45.65,0.929,7.199
525000,89.93,1,21.4,3.289,12.157
590000,62.43,1,18.73,1.695,9.842
800000,88.07,1,19.12,3.501,7.286
985000,156.73,1,22.97,1.174,6.133
1550000,125.6,1,37.29,0.831,13.243
1150000,153.66,0,46.1,1.026,14.991
598750,88.63,0,25.64,3.03,10.509
420000,78.5,0,0.0,7.37,11.467
1577500,150.5,0,45.15,0.271,10.695
1435000,98.01,1,29.4,0.662,12.267
485000,74.14,1,15.22,5.523,9.013
400000,58.53,0,17.56,5.157,14.249
775000,167.5,0,31.61,4.483,3.646
865000,74.32,1,22.3,2.289,11.294
980000,121.33,0,36.4,2.618,7.741
1311400,142.33,1,41.11,1.476,5.46
1390000,234.49,0,70.35,0.889,1.693
698000,161.0,0,0.0,9.026,1.636
2782905,185.06,1,55.52,0.233,13.665
725000,91.97,0,27.59,4.008,12.122
575000,164.53,0,0.0,4.891,3.136
424500,86.4,0,0.0,5.13,13.424
882425,120.96,0,36.29,1.783,5.841
1000705,122.26,0,36.68,1.867,11.175
825000,104.7,1,22.74,2.282,12.136
722500,141.77,0,33.89,3.916,12.346
1275000,101.36,1,29.68,0.982,11.538
900000,141.49,0,33.25,1.591,6.711
929250,126.72,0,38.02,1.479,6.313
1240000,90.95,1,27.12,1.402,8.072
1675000,104.98,1,30.77,0.406,2.594
1100000,101.82,1,23.8,2.235,14.73
1067500,124.3,0,37.29,0.955,8.093
405000,83.06,0,24.92,8.147,9.684
450000,132.11,1,18.45,3.162,8.952
552500,102.47,0,30.74,2.412,12.504
770000,107.21,0,32.16,3.131,10.845
1640000,121.33,1,36.4,1.275,14.427
890000,74.23,1,22.27,2.45,14.911
839500,74.14,1,21.74,2.323,7.158
757000,119.94,1,26.25,1.988,7.313
675000,82.96,0,23.55,4.989,14.879
675000,97.36,0,29.21,4.061,12.072
770000,77.02,1,20.26,2.181,2.516
457500,93.09,1,22.58,4.211,14.038
797500,64.85,1,19.23,1.649,13.19
970000,115.2,0,34.56,1.702,5.368
1097500,89.19,1,22.3,1.853,5.853
850000,101.82,1,22.19,4.302,5.711
694000,101.82,0,30.55,4.538,3.667
779500,78.78,0,23.63,2.581,9.363
630000,91.97,0,27.59,3.43,1.136
725000,116.87,0,35.06,2.177,9.642
665000,96.62,0,28.99,3.457,10.582
960000,135.55,0,40.66,1.339,6.751
800000,116.22,0,34.87,2.18,3.091
937500,64.2,1,19.26,2.124,12.625
735000,92.53,0,26.09,1.643,3.859
417500,50.73,1,15.22,6.28,1.586
1260000,100.52,1,30.16,0.833,12.305
687500,90.12,1,27.03,1.374,1.55
985000,115.85,0,34.76,0.576,5.153
464500,96.62,0,0.0,9.846,14.968
800000,57.97,1,16.72,1.067,3.327
682500,129.14,1,32.92,2.748,8.516
730000,111.48,0,24.08,3.186,11.42
645000,86.96,0,26.09,3.193,8.822
882160,122.07,0,36.62,2.608,8.36
635000,71.81,1,19.06,2.718,11.681
850000,101.08,0,29.93,0.778,1.706
640000,70.33,1,18.73,6.759,5.47
785000,148.74,0,35.42,1.562,1.766
300000,40.69,0,8.08,10.659,14.794
597500,88.26,0,26.48,3.244,13.576
675000,105.35,0,28.15,3.707,3.9
797500,110.93,0,18.26,2.498,8.663
530000,58.53,1,17.56,4.501,11.266
1625000,139.35,1,40.78,0.934,8.579
899500,133.97,0,25.36,1.721,11.498
1373625,82.4,1,24.19,1.968,11.781
905000,88.07,1,25.75,2.401,1.791
1400000,170.57,0,51.17,0.676,2.581
940000,71.81,1,21.54,2.367,4.109
1025000,102.01,1,22.38,1.213,4.007
649500,75.81,0,22.74,4.313,2.578
672500,93.65,0,28.09,3.448,5.091
585000,77.39,0,23.22,3.216,7.095
1590000,161.09,0,48.33,0.923,7.095
920500,72.37,1,11.37,0.684,3.3
650000,83.06,0,24.92,4.525,11.114
700000,94.85,1,14.86,4.148,9.777
668500,96.62,0,28.99,4.614,4.824
592000,94.02,0,28.21,2.768,14.805
1064500,144.19,0,43.26,1.975,10.348
560000,89.19,0,18.73,7.455,14.263
590000,64.85,0,19.45,4.227,7.814
819500,75.44,1,10.7,1.643,11.604
575000,93.37,0,28.01,5.079,9.954
870000,144.46,0,38.27,1.929,13.64
1295000,142.14,0,42.64,1.829,5.346
1075000,78.69,1,23.61,1.267,6.666
700000,86.96,0,26.09,3.361,13.878
675000,123.38,1,31.27,7.108,4.504
467500,90.49,0,27.15,3.618,6.912
587500,109.44,1,28.09,2.01,4.652
1197500,106.1,1,31.44,0.503,1.638
845000,85.1,1,25.53,2.805,14.385
510000,91.6,0,26.76,2.349,1.11
595000,95.88,1,28.76,2.101,8.739
470000,72.46,1,21.74,3.284,11.08
980000,145.58,0,43.67,2.45,13.083
720000,108.42,0,25.5,3.061,14.831
695000,88.44,0,26.53,4.492,11.051
987500,101.08,1,21.74,3.43,1.499
2124350,136.2,1,40.86,0.71,13.636
400000,93.46,0,28.04,3.682,3.786
400000,62.43,1,18.73,6.11,9.91
745000,96.8,1,29.04,4.443,5.368
900000,120.59,0,36.18,2.665,13.988
872500,79.9,1,19.62,1.568,1.882
584500,53.14,1,15.94,1.085,9.367
715000,77.3,1,18.12,1.053,12.807
620000,86.59,0,25.98,1.736,14.287
749500,136.2,0,40.86,4.236,3.5
1150000,168.25,0,29.91,2.511,11.17
602500,75.81,0,22.74,1.908,1.114
1009000,83.8,1,24.08,1.662,4.394
1090000,133.5,0,40.05,3.971,6.178
899500,117.52,0,33.97,3.884,9.922
1150000,122.07,0,36.62,1.273,12.013
1175640,146.79,0,44.04,0.877,10.905
925000,87.61,1,25.11,1.671,2.903
730000,79.43,1,23.83,2.145,5.666
1120000,152.36,0,36.12,1.925,1.122
645000,83.06,0,24.92,4.357,12.945
544795,116.87,0,33.39,6.46,10.861
970000,133.04,0,37.9,4.334,10.92
1165850,139.54,0,41.86,1.045,11.049
1226750,157.38,0,47.21,0.698,9.909
865000,89.09,1,26.73,2.399,2.252
1175000,114.83,1,31.41,1.512,6.641
3125000,170.11,1,53.79,0.13,9.313
855000,103.87,0,30.55,1.817,1.568
815000,117.15,0,35.15,1.706,11.128
859500,58.06,1,17.42,1.256,4.901
1002500,151.99,1,44.54,3.656,5.209
1195000,108.7,1,26.53,1.512,1.885
1425000,197.79,1,46.91,0.874,14.49
597500,85.75,0,24.41,3.351,7.138
575000,75.99,1,22.8,2.07,12.103
774500,76.18,1,20.37,4.407,14.878
465000,104.42,0,0.0,4.001,12.149
1250000,120.59,1,33.89,1.833,12.445
1962500,153.48,0,44.59,0.903,2.814
3725000,223.99,1,66.78,0.107,4.077
600000,104.98,0,31.22,4.724,11.493
933500,146.04,0,43.81,3.085,8.881
524500,88.16,1,21.85,3.037,11.279
475000,94.2,1,27.26,9.842,14.105
1310000,150.87,0,45.26,0.931,10.399
975000,77.2,1,23.16,1.576,13.551
945000,95.5,1,27.7,1.573,13.174
840000,150.69,0,34.81,7.128,10.029
870000,70.98,1,21.63,0.709,2.907
625000,78.22,1,19.57,3.23,8.372
825000,113.71,0,34.11,1.531,8.073
790000,61.59,1,18.48,1.987,7.107
880000,67.63,1,20.29,2.702,14.184
1096050,81.66,1,24.5,1.618,8.465
720000,75.72,1,22.71,1.832,13.145
890000,112.6,0,33.78,1.92,13.461
740000,128.39,0,29.29,5.264,12.013
580250,80.27,0,24.08,7.533,2.13
989500,80.45,1,24.14,1.243,9.627
585000,82.13,1,24.64,4.178,5.969
1065000,151.43,0,45.43,1.524,11.313
767500,99.78,0,29.43,3.792,2.47
1359500,204.01,0,60.15,1.31,1.095
535000,98.11,0,29.43,6.019,10.714
1000000,157.94,0,46.88,2.0,10.161
700000,119.19,0,25.95,3.336,10.065
1450000,154.22,0,46.27,0.755,3.208
945000,98.01,1,29.4,1.671,10.211
820000,100.34,1,15.58,0.755,13.509
565000,62.43,0,18.73,7.718,13.047
725000,89.19,0,18.06,6.048,8.589
672500,92.81,0,25.78,4.455,5.894
625000,83.06,0,24.92,4.638,13.452
560000,122.45,1,0.0,2.723,0.194
1147280,122.07,0,36.23,0.618,12.043
402500,62.43,1,0.0,5.439,7.396
457500,62.43,1,18.73,1.796,2.396
575000,84.73,0,25.42,4.205,6.823
670000,112.51,0,26.53,4.52,11.502
715000,108.51,1,28.99,2.483,12.649
689500,198.44,0,59.53,3.354,6.195
920000,73.21,1,21.96,1.773,2.006
725000,105.72,0,16.39,2.241,11.939
1070000,83.06,1,24.92,2.632,10.631
735000,84.73,0,25.42,4.52,8.927
1836470,158.12,0,47.44,0.335,4.801
635000,140.0,0,29.96,4.848,14.23
950000,126.44,1,37.93,4.129,10.405
662500,110.55,0,30.83,4.271,12.729
509000,113.71,0,0.0,6.874,6.493
710000,110.37,0,33.11,4.728,11.203
650000,95.13,1,26.2,4.254,14.182
694435,82.87,1,20.82,3.302,2.374
877500,70.98,1,21.29,1.068,3.935
975000,78.69,1,23.61,1.442,3.722
712500,106.0,0,31.8,1.954,0.12
1329500,137.87,0,41.14,0.637,11.487
1124500,82.13,1,24.64,1.056,4.995
1241640,156.91,0,47.07,1.507,8.539
850000,108.98,0,29.35,1.31,2.786
2325000,192.87,0,57.86,0.145,8.184
1150000,73.58,1,22.07,0.528,5.144
890000,105.91,1,16.3,2.748,11.132
932500,70.23,1,21.07,1.077,6.109
849500,96.06,0,28.21,2.796,2.454
647500,105.35,1,20.49,2.783,7.749
595000,91.79,0,24.41,4.23,4.457
1220000,196.03,0,58.81,1.507,1.154
858750,130.53,0,39.16,1.463,7.471
650000,81.2,0,24.08,4.109,9.568
1470000,140.84,1,33.22,1.792,11.611
827000,70.61,1,20.79,1.896,11.171
637500,89.09,1,24.64,2.175,1.47
1507500,184.6,0,55.35,0.905,6.628
499500,80.27,0,24.08,4.304,10.665
950000,108.32,0,23.86,1.322,12.937
755000,97.92,0,29.38,2.213,10.114
905000,82.87,1,23.44,1.726,1.852
644500,97.55,0,29.26,3.124,8.928
807500,102.56,1,30.77,5.311,12.44
902500,98.48,1,21.29,2.849,10.44
905000,124.21,0,39.16,2.015,9.859
919500,66.24,1,19.26,1.714,8.954
610000,89.56,1,25.78,1.505,11.98
1892500,187.48,0,55.8,0.252,13.398
1905000,182.83,1,20.29,0.624,7.059
720000,81.2,1,24.36,3.876,11.931
1300000,123.75,1,37.12,1.439,12.869
928750,138.33,0,41.5,2.284,1.397
685000,86.86,0,26.06,3.317,7.158
885000,126.07,0,28.4,2.059,1.447
695000,61.41,1,18.42,3.566,12.514
685000,86.21,1,25.86,3.818,10.213
810000,68.28,1,20.15,2.008,5.575
989500,160.16,0,46.82,2.397,13.565
1185000,104.79,1,31.44,0.895,13.919
342000,64.85,1,19.45,6.942,3.795
1135000,146.14,0,43.84,1.066,8.641
900000,124.4,0,36.48,1.095,5.805
752500,96.62,0,28.99,4.357,11.073
695000,84.73,1,25.42,1.926,7.738
845000,157.84,1,22.41,2.586,11.298
662500,76.64,1,21.74,2.485,10.743
715000,123.38,0,37.01,2.86,11.977
950000,146.97,0,45.26,4.747,5.697
1390000,154.13,0,41.83,0.667,1.087
1405000,104.05,1,30.24,0.791,5.052
902500,107.02,0,32.11,3.283,1.227
597500,58.53,1,17.56,3.7,1.875
537500,128.02,1,27.7,4.935,1.455
814500,77.3,1,23.19,1.698,4.401
575000,80.27,0,24.08,3.784,9.268
692500,97.73,0,29.32,4.19,10.222
775000,104.79,0,31.22,4.876,7.025
700000,99.59,0,15.25,1.964,11.998
800000,435.9,1,170.29,0.138,11.107
770000,115.76,0,34.73,4.583,6.149
1125000,93.37,1,27.26,1.813,11.136
887500,69.96,1,21.49,2.505,13.557
1450000,111.76,1,32.47,0.914,13.814
1160000,150.13,0,45.04,1.739,6.73
650000,90.67,1,27.2,1.685,11.463
1625000,153.48,0,46.04,0.358,11.022
1012500,127.09,0,38.13,1.646,5.47
690000,91.97,0,27.59,3.847,3.72
735000,104.24,0,25.75,3.724,10.556
896000,120.22,0,35.62,2.044,1.585
1675000,176.7,0,53.01,1.18,0.517
1015000,118.36,0,35.51,1.214,14.948
1510000,134.99,1,40.5,0.974,8.531
1665840,132.11,1,38.82,0.346,6.404
595000,88.07,0,26.42,5.68,7.87
1034500,101.45,1,26.53,1.706,3.785
1477465,151.43,0,45.21,0.539,3.257
1044500,125.6,0,37.68,1.844,6.59
1375000,166.02,0,48.86,0.551,11.3
555000,88.07,0,24.08,7.313,13.13
782500,137.31,0,41.19,2.753,1.598
362500,66.89,0,0.0,9.767,10.709
950000,98.57,1,20.9,1.038,11.754
412500,65.78,0,11.71,6.01,8.315
735000,166.76,0,50.03,0.883,13.531
275000,73.95,0,22.19,5.393,6.573
395000,71.91,0,15.16,8.753,10.416
652500,75.81,0,22.74,3.324,13.13
1280000,147.16,1,42.09,2.747,8.054
882500,88.72,1,26.06,1.771,2.703
1135000,147.53,0,44.26,0.905,1.696
662500,88.63,0,25.39,3.331,2.72
500000,75.81,0,22.74,6.313,9.26
627500,74.6,1,22.38,3.822,14.294
625000,71.07,1,21.32,4.353,3.523
839500,123.93,0,37.63,1.856,6.822
675000,153.85,0,46.15,3.888,10.106
262500,64.38,0,19.31,5.855,10.549
1000000,85.47,1,25.53,1.749,4.544
642500,80.27,0,24.08,3.898,1.166
615000,81.01,0,23.91,6.602,10.736
775000,103.49,0,31.05,1.964,0.18
1142500,119.29,1,35.79,0.904,5.545
885000,108.88,1,24.97,2.204,13.63
779175,67.63,1,20.29,1.835,13.805
542500,89.19,0,26.76,6.104,12.954
1312500,200.3,0,43.7,1.947,1.626
1417315,165.0,0,48.27,0.992,5.258
1075000,138.8,0,41.3,1.462,12.043
610000,87.14,1,19.06,0.641,5.757
1000000,124.3,1,34.78,3.764,14.959
855000,79.71,1,23.91,2.291,13.672
674500,73.02,1,19.45,2.949,4.83
2050000,190.73,1,56.66,0.908,13.286
1175000,92.16,1,27.65,1.801,2.314
850000,113.53,1,15.89,1.138,5.115
550000,82.87,0,24.08,3.5,6.195
749500,100.15,0,30.04,4.282,13.435
887500,71.44,1,21.07,2.811,11.133
1575000,183.95,0,55.18,0.366,10.325
945000,91.97,1,17.06,3.205,11.492
1300000,142.14,0,42.64,1.846,7.798
524500,119.01,1,19.93,7.553,10.568
784660,57.23,1,17.17,1.928,3.006
720760,48.31,1,16.72,1.763,11.679
1080000,75.62,1,22.69,1.273,6.321
965000,81.94,1,24.33,1.905,6.853
635000,85.94,1,21.1,3.295,3.871
720000,78.78,0,23.63,2.156,14.755
1160000,154.96,0,46.18,0.973,3.713
525000,78.04,1,23.41,5.666,12.046
827500,154.31,0,27.65,2.177,5.756
1371500,102.94,1,30.88,1.35,4.416
2332500,244.61,0,73.38,0.103,4.995
1250000,95.32,1,28.6,1.053,1.878
1195000,145.95,0,43.79,0.751,12.769
455000,73.39,0,21.4,1.854,7.363
585000,91.42,1,27.42,4.989,11.673
415000,44.87,1,13.46,2.062,9.993
837500,70.05,1,10.7,3.056,1.94
292500,80.27,0,24.08,9.862,12.661
1187500,196.68,0,33.58,2.759,5.08
785000,92.72,1,16.61,1.65,12.13
560000,131.55,0,22.74,4.583,6.393
525000,64.85,1,15.61,1.706,5.43
627500,73.95,1,22.19,5.861,1.721
1250000,129.32,1,38.8,1.83,1.641
680000,154.59,1,19.9,2.544,12.409
1887500,162.21,0,48.66,0.242,8.321
655000,80.73,1,20.49,2.558,12.985
1175000,141.68,0,42.5,1.449,2.179
620000,147.16,0,44.15,3.011,13.16
615000,83.61,0,24.08,3.158,5.692
815000,113.43,1,13.43,1.884,13.23
1232890,139.35,0,37.79,1.835,5.485
1406065,105.26,1,30.49,0.774,3.273
800000,156.73,0,20.82,4.454,3.807
687500,87.24,1,26.17,4.056,13.547
690000,105.54,1,33.67,3.222,12.466
687250,107.77,1,27.2,1.932,1.733
600000,88.26,1,24.02,1.952,7.673
965000,80.27,1,23.38,1.572,10.109
969395,120.22,0,35.84,1.42,8.101
1414610,136.01,0,41.39,0.897,2.348
525000,64.47,1,18.73,8.914,13.869
1375000,152.92,0,44.43,0.555,2.678
665000,71.35,0,21.4,4.81,2.383
560000,77.39,0,23.22,4.193,1.258
627500,68.84,1,17.34,5.049,1.627
1075000,114.83,1,22.05,1.515,5.925
1150000,87.7,1,26.31,1.242,7.447
700000,103.31,1,23.86,1.715,3.571
450000,96.62,0,0.0,6.288,10.046
1285000,171.31,0,51.39,0.807,8.846
1035000,97.83,1,23.22,1.861,8.434
879500,145.76,0,38.63,1.417,11.386
612500,115.76,1,21.66,6.993,14.998
1700000,121.7,1,35.79,0.543,2.92
620000,106.28,0,31.88,4.949,14.245
1115000,171.31,0,51.39,1.602,5.234
899500,65.78,1,19.73,2.289,10.018
637500,99.31,0,29.79,2.261,6.631
682500,78.78,0,23.63,2.982,14.051
1374850,146.32,1,19.43,2.331,14.078
720000,124.86,0,28.54,3.781,3.205
710000,116.31,0,34.89,2.205,1.489
1355000,113.62,1,34.09,1.636,8.516
700000,97.36,1,25.45,4.962,13.172
595000,74.69,0,21.96,3.507,10.951
914500,133.78,0,40.13,1.524,10.606
960700,68.19,1,20.4,4.577,2.742
718750,89.0,0,26.7,2.017,10.889
322500,89.93,0,18.28,7.199,10.287
932500,89.37,1,26.09,2.442,1.607
800000,104.61,0,31.38,4.543,7.907
870000,142.79,0,36.76,2.603,11.245
602500,80.27,0,24.08,5.998,10.179
1973085,179.49,0,53.85,0.522,11.533
748500,114.83,0,25.42,2.319,13.741
985000,96.62,1,15.02,1.814,14.366
955000,132.2,1,16.39,1.763,10.36
746500,78.78,0,23.63,2.669,14.332
1550000,95.32,1,28.34,0.146,13.148
605000,88.44,0,26.53,2.543,2.182
898000,132.11,0,39.63,1.632,13.862
645000,84.82,0,22.69,2.717,2.894
789500,110.37,0,33.11,3.126,9.976
1200000,113.34,1,34.0,0.888,13.546
560000,73.95,1,15.61,6.373,4.798
460000,58.53,0,17.56,3.587,10.078
680000,83.24,1,24.97,3.088,8.798
1435450,146.6,0,43.84,0.6,12.565
725000,99.59,0,15.25,3.084,12.115
422500,105.91,0,31.77,4.867,3.974
925000,113.43,0,34.03,1.515,2.993
875000,88.54,1,26.56,2.984,12.175
1050000,192.59,0,42.98,2.315,2.608
1332500,110.37,1,32.11,1.253,13.424
710625,100.15,0,30.04,4.507,1.087
737500,116.69,0,35.01,3.382,8.365
